id_medico,nome,sexo,especialidade,crm,cidade,telefone
1,Dr. Sr. Apollo Sousa,M,Cardiologista,CRM877572,da Cruz de Goiás,+55 84 1819 6001
2,Dra. Isabel Montenegro,F,Pediatra,CRM334053,Novais,+55 (081) 8637-9402
3,Dr. Luigi da Mota,M,Ginecologista,CRM207473,Cunha,(081) 1161 5594
4,Dr. Raul Nascimento,M,Ortopedista,CRM542417,Garcia,+55 21 8495 9310
5,Dr. Sr. João Vitor Barros,M,Cardiologista,CRM198246,Brito,41 4752 5534
6,Dr. Sr. Enzo Gabriel Nascimento,M,Pediatra,CRM629903,Castro,(061) 6483-5030
7,Dr. Murilo da Mata,M,Ortopedista,CRM308496,Cunha,0300 537 6724
8,Dra. Isadora Souza,F,Pediatra,CRM571029,Souza Verde,(011) 9653-2871
9,Dra. Brenda Cassiano,F,Urologista,CRM106814,Vieira,(011) 9166-9784
10,Dr. Anthony Rodrigues,M,Ginecologista,CRM543143,Rodrigues,61 4514-6270
11,Dra. Julia Montenegro,F,Oftalmologista,CRM263032,Montenegro,+55 51 4893 2528
12,Dr. Alexandre Peixoto,M,Urologista,CRM452944,Mendonça do Sul,+55 61 5430 3911
13,Dr. Bernardo Teixeira,M,Cardiologista,CRM498382,Cardoso,(071) 8248-9638
14,Dr. Sr. Leonardo Guerra,M,Oftalmologista,CRM988662,Macedo do Galho,(041) 1331-5098
15,Dra. Hellena Abreu,F,Ortopedista,CRM377370,Santos,+55 (081) 3105 1834
16,Dr. Heitor Nogueira,M,Ginecologista,CRM581741,Silveira,0500 973 7631
17,Dr. Pedro Fogaça,M,Dermatologista,CRM182627,Jesus dos Dourados,+55 (071) 1065 1333
18,Dra. Melissa Carvalho,F,Urologista,CRM759176,Cirino Paulista,(061) 3178-1080
19,Dra. Isabela Cavalcante,F,Ortopedista,CRM301629,Mendonça do Amparo,+55 11 6026-0647
20,Dr. Otávio Sampaio,M,Cardiologista,CRM793384,Cassiano de Correia,(021) 3098 0500
21,Dr. Rhavi Montenegro,M,Urologista,CRM403445,Araújo,31 1219-1361
22,Dr. Josué Pacheco,M,Urologista,CRM344098,Pinto,+55 21 6998 5435
23,Dr. João Gonçalves,M,Dermatologista,CRM391476,Rios,(031) 7510 7991
24,Dra. Zoe Cunha,F,Ginecologista,CRM974628,Cardoso da Praia,+55 (084) 3542 7849
25,Dra. Alexia Rios,F,Pediatra,CRM488162,Ribeiro do Campo,+55 84 4118 2449
26,Dra. Manuela Costela,F,Pediatra,CRM802729,Montenegro do Amparo,+55 61 0164-0052
27,Dra. Sra. Elisa Sousa,F,Ginecologista,CRM816751,Novaes de Santos,(011) 8011-2805
28,Dr. Yuri Casa Grande,M,Ortopedista,CRM765822,Cardoso do Norte,(041) 5053 3158
29,Dr. Eduardo da Costa,M,Ortopedista,CRM864544,Cavalcanti,81 0256 3421
30,Dr. Arthur Miguel Melo,M,Pediatra,CRM584714,Costa,(051) 5433-0365
31,Dra. Ana Lívia Vargas,F,Oftalmologista,CRM771088,Ferreira do Galho,71 8501 4294
32,Dr. Cauê Peixoto,M,Ginecologista,CRM440035,Ferreira Alegre,(021) 9816-9340
33,Dr. Alexandre Moreira,M,Pediatra,CRM961722,Fonseca,(021) 1595-1484
34,Dr. Luan Guerra,M,Urologista,CRM430776,Novaes Grande,+55 (071) 6629-9468
35,Dra. Liz da Paz,F,Oftalmologista,CRM169403,Lopes,0800 957 7738
36,Dr. Enzo Gabriel Ribeiro,M,Ortopedista,CRM852787,da Paz,31 9513-4332
37,Dra. Ana Clara da Cruz,F,Pediatra,CRM787277,Pimenta de Vargas,+55 11 7693 6763
38,Dra. Alana Sá,F,Dermatologista,CRM774079,Vasconcelos,(011) 3287-0831
39,Dra. Catarina Martins,F,Pediatra,CRM377746,Sá dos Dourados,0800-868-7277
40,Dr. Josué Porto,M,Pediatra,CRM881177,Vargas do Galho,(084) 3471-4345
41,Dra. Ágatha Barros,F,Ginecologista,CRM712982,Cassiano,+55 31 6231-6658
42,Dra. Maria Vitória Araújo,F,Ortopedista,CRM518801,Leão,51 9096 7054
43,Dra. Mariah Nascimento,F,Pediatra,CRM245051,Mendonça,+55 21 4670-6562
44,Dra. Carolina Pinto,F,Cardiologista,CRM892495,Gonçalves,0900 901 6272
45,Dr. José Pedro Garcia,M,Urologista,CRM214975,Cunha dos Dourados,(061) 5646 4170
46,Dr. Sr. Luiz Fernando Câmara,M,Ginecologista,CRM267753,Vasconcelos,+55 (061) 0330 9232
47,Dra. Bruna Nunes,F,Ortopedista,CRM166613,Martins,+55 61 5299-1241
48,Dra. Amanda das Neves,F,Dermatologista,CRM724834,Gonçalves do Oeste,+55 11 9314 9190
49,Dra. Yasmin Lima,F,Ortopedista,CRM363626,Azevedo do Galho,(081) 0671 6572
50,Dr. Felipe Siqueira,M,Ginecologista,CRM855731,Pimenta da Prata,(081) 7694-5314
51,Dr. Joaquim Sá,M,Ginecologista,CRM663054,Nunes de Pimenta,41 5075 2735
52,Dra. Manuela da Mota,F,Urologista,CRM772097,Novais do Sul,41 3136-7837
53,Dra. Rebeca Machado,F,Cardiologista,CRM407757,Borges,(021) 3634 9578
54,Dra. Manuella Lima,F,Pediatra,CRM575763,Fogaça dos Dourados,+55 81 4431-3518
55,Dr. Sr. Gael Cunha,M,Ginecologista,CRM854639,da Mota de Silveira,0900 894 1343
56,Dra. Emanuelly da Rosa,F,Ortopedista,CRM898975,Santos,61 2400-8427
57,Dr. Anthony Gabriel Oliveira,M,Ortopedista,CRM211579,Melo do Amparo,(031) 5204-7116
58,Dra. Ana Sophia Oliveira,F,Urologista,CRM769987,Cassiano,+55 (021) 9413-1869
59,Dr. Henry Gabriel Vasconcelos,M,Pediatra,CRM492077,Machado dos Dourados,(031) 9649 9091
60,Dr. Heitor da Luz,M,Ortopedista,CRM916449,Castro,+55 41 2812-0679
61,Dr. João Vitor Andrade,M,Ortopedista,CRM439902,da Paz,(011) 7134 9361
62,Dra. Heloisa Ramos,F,Cardiologista,CRM217301,da Mata,+55 (011) 1024-9947
63,Dra. Nina Sales,F,Urologista,CRM945964,Sampaio das Flores,+55 81 8877-1906
64,Dra. Sra. Isis Alves,F,Pediatra,CRM160738,da Conceição,0500 904 9027
65,Dr. Pedro Miguel da Mota,M,Ortopedista,CRM182582,Pacheco,(021) 7175-6551
66,Dr. Lucas Jesus,M,Ginecologista,CRM609597,da Paz de Ribeiro,71 8071 5451
67,Dr. Théo Abreu,M,Urologista,CRM658582,Jesus de Aragão,+55 (071) 8597-7034
68,Dr. Davi Lucca da Paz,M,Pediatra,CRM791798,Sampaio de Mendonça,+55 71 0932 4808
69,Dra. Ayla Câmara,F,Ortopedista,CRM273148,Martins,+55 71 2748 4677
70,Dra. Mirella Novaes,F,Ortopedista,CRM736059,Gomes,+55 (071) 9821-4658
71,Dra. Agatha da Paz,F,Pediatra,CRM665492,Pastor Verde,(084) 2787-5588
72,Dr. Rafael Duarte,M,Ginecologista,CRM426858,Sampaio,+55 41 9636-0576
73,Dra. Clarice Monteiro,F,Ginecologista,CRM781446,Cardoso,21 9517-1870
74,Dra. Srta. Maria Luísa Rezende,F,Dermatologista,CRM642717,Barbosa,(071) 4596-1586
75,Dra. Raquel Nogueira,F,Cardiologista,CRM359947,Pinto,+55 (084) 3431 6117
76,Dr. Kaique Alves,M,Cardiologista,CRM454508,Duarte,+55 (081) 4556 2386
77,Dr. Fernando Cavalcante,M,Ortopedista,CRM680828,Barros,0800-693-7923
78,Dr. José Miguel Marques,M,Ortopedista,CRM330914,Rios do Sul,(061) 4821-7594
79,Dr. José Marques,M,Cardiologista,CRM842225,Costa das Flores,(081) 1369-5944
80,Dr. Miguel da Mota,M,Pediatra,CRM170674,Nunes,+55 (071) 9743 9533
81,Dr. José Rocha,M,Urologista,CRM446479,Pires,+55 41 0470 9521
82,Dr. Luan Souza,M,Ortopedista,CRM349565,Cavalcanti do Oeste,+55 81 8588 4247
83,Dra. Maitê Camargo,F,Ginecologista,CRM608993,Barbosa de Casa Grande,+55 21 6851-6048
84,Dr. Rafael Freitas,M,Ortopedista,CRM238739,Pacheco das Flores,31 1370 9859
85,Dra. Ana Luiza Porto,F,Pediatra,CRM922733,Sampaio de da Rosa,81 1200 4711
86,Dra. Zoe Carvalho,F,Urologista,CRM526833,Marques da Praia,71 6926-1796
87,Dr. Arthur Gabriel Sales,M,Cardiologista,CRM201639,Cunha dos Dourados,(031) 3515-8506
88,Dra. Esther Campos,F,Oftalmologista,CRM544154,Borges de Ribeiro,+55 11 9005-3293
89,Dra. Giovanna Pastor,F,Dermatologista,CRM864491,da Conceição,(071) 2904 2284
90,Dr. Daniel Ribeiro,M,Ginecologista,CRM785197,Cardoso,+55 (021) 5395 0240
91,Dr. Otto Moura,M,Cardiologista,CRM522179,Souza,+55 (084) 7758 9178
92,Dra. Ana Clara Siqueira,F,Urologista,CRM214576,Marques do Sul,+55 (081) 7661 7711
93,Dr. Diogo Azevedo,M,Pediatra,CRM299448,da Mota,0900-985-6984
94,Dra. Sofia Pereira,F,Pediatra,CRM542374,Brito do Campo,81 3673-6576
95,Dr. Calebe Dias,M,Oftalmologista,CRM585100,Dias Paulista,31 2711 1161
96,Dr. Davi Lucca Novais,M,Urologista,CRM179046,Pastor,84 8516-5604
97,Dra. Luana Fogaça,F,Urologista,CRM997546,Oliveira,21 3273-1585
98,Dr. João Lucas Oliveira,M,Cardiologista,CRM783823,Lima,84 9980-9402
99,Dr. Leonardo Fernandes,M,Cardiologista,CRM890170,Abreu da Serra,+55 (011) 9612-0183
100,Dr. Otto Marques,M,Pediatra,CRM526156,Castro da Praia,(041) 5991 0229
101,Dra. Anna Liz da Mata,F,Dermatologista,CRM324130,Ribeiro de Lima,(084) 9764-3815
102,Dra. Brenda da Paz,F,Cardiologista,CRM272634,Moura de Rios,(041) 0369 0034
103,Dra. Cecilia Teixeira,F,Cardiologista,CRM509386,da Rocha Alegre,+55 71 0762 2683
104,Dra. Maria Barbosa,F,Urologista,CRM923267,Sousa do Norte,(021) 0715-9696
105,Dra. Maria Vitória da Rocha,F,Oftalmologista,CRM543555,Guerra,+55 (031) 5297 5161
106,Dra. Maya Pastor,F,Pediatra,CRM299122,Moura de Minas,61 4535 2181
107,Dra. Sophia Correia,F,Pediatra,CRM161324,Ferreira Grande,+55 41 1243-2921
108,Dr. Thales Martins,M,Ginecologista,CRM428838,Rodrigues de Nunes,0900-552-7177
109,Dr. João Guilherme Pastor,M,Cardiologista,CRM712554,Fogaça,21 1477-0054
110,Dra. Ayla Pimenta,F,Ortopedista,CRM994141,Martins Verde,81 0793-5978
111,Dr. Bento Machado,M,Cardiologista,CRM632496,Fernandes,+55 21 8203 7788
112,Dr. Emanuel Fonseca,M,Urologista,CRM294851,da Paz das Flores,81 5905 1518
113,Dr. João Miguel da Cunha,M,Ortopedista,CRM171262,Farias,+55 21 9254 6291
114,Dr. Marcos Vinicius Ramos,M,Dermatologista,CRM225710,Cardoso do Galho,+55 31 6850 5423
115,Dr. Ryan Correia,M,Ortopedista,CRM723398,Carvalho,+55 (021) 1418-8805
116,Dr. Davi Lucca Peixoto,M,Ortopedista,CRM185965,Cassiano da Serra,+55 (061) 9270-6537
117,Dra. Larissa Sá,F,Ginecologista,CRM712024,da Conceição de Nascimento,+55 41 4735-9774
118,Dra. Sarah Moura,F,Oftalmologista,CRM314181,Castro do Oeste,0500-240-7581
119,Dra. Camila da Paz,F,Pediatra,CRM378517,Teixeira,+55 (031) 4782-6137
120,Dra. Amanda Leão,F,Pediatra,CRM804318,Gonçalves,21 5361-5305
121,Dra. Lívia Vieira,F,Dermatologista,CRM431535,Carvalho,+55 (051) 4727 7901
122,Dr. José Miguel Cunha,M,Cardiologista,CRM580547,Novaes,0500-861-4341
123,Dr. Isaque Leão,M,Cardiologista,CRM663750,Azevedo de Camargo,11 9808-9324
124,Dr. Alexandre Pimenta,M,Ortopedista,CRM378082,da Costa Verde,84 2185 1888
125,Dr. Yuri Almeida,M,Oftalmologista,CRM172132,Melo do Norte,51 5405 1531
126,Dr. Lucas Gabriel Carvalho,M,Oftalmologista,CRM398830,Fogaça,71 5277-2217
127,Dr. Juan Costa,M,Dermatologista,CRM974244,Vieira,+55 (081) 0548-6874
128,Dra. Esther da Paz,F,Ortopedista,CRM946305,Vasconcelos do Norte,(071) 4156 6765
129,Dr. Theo Sales,M,Ginecologista,CRM956795,Freitas de Moreira,+55 81 1616-9284
130,Dra. Bella Barros,F,Ginecologista,CRM208618,Ribeiro da Mata,(041) 7962 7570
131,Dr. Pedro Henrique da Mota,M,Oftalmologista,CRM221035,Barbosa,71 5820 2970
132,Dr. Bernardo da Costa,M,Ginecologista,CRM680097,Fonseca das Flores,0300 092 7557
133,Dr. Davi Miguel Moura,M,Oftalmologista,CRM395442,Gonçalves Alegre,+55 84 3102-7868
134,Dr. João Vasconcelos,M,Ginecologista,CRM459536,Santos dos Dourados,+55 11 9473-1217
135,Dr. Pedro Miguel Borges,M,Ginecologista,CRM765046,Rios da Praia,+55 (084) 8844 2258
136,Dra. Camila Costa,F,Ortopedista,CRM612262,da Costa,11 0589-5782
137,Dra. Aurora Azevedo,F,Urologista,CRM153266,Gonçalves do Amparo,51 6691 2517
138,Dr. Valentim Ferreira,M,Ginecologista,CRM544151,Vasconcelos,81 9226-8018
139,Dra. Liz Cavalcante,F,Cardiologista,CRM103717,Duarte,+55 21 5841-4384
140,Dra. Liz Pimenta,F,Urologista,CRM237174,Montenegro,+55 (041) 9922-9959
141,Dra. Ana Barros,F,Pediatra,CRM877236,Ramos,0500 439 6907
142,Dra. Lavínia Ramos,F,Ortopedista,CRM839945,Mendes de Goiás,71 4710 2767
143,Dra. Gabrielly Fernandes,F,Ortopedista,CRM110139,Dias,(051) 5625 8815
144,Dr. Ravi Lucca Campos,M,Cardiologista,CRM824586,Machado de Goiás,+55 (011) 1046-9632
145,Dr. Levi Correia,M,Ortopedista,CRM137778,Monteiro,31 7747-0168
146,Dra. Isabella Cunha,F,Ortopedista,CRM679364,Aragão do Norte,(011) 7974 8016
147,Dr. João Siqueira,M,Dermatologista,CRM233636,Teixeira das Flores,21 0609 8358
148,Dr. Brayan Gomes,M,Oftalmologista,CRM482364,Teixeira de Novaes,+55 84 9912-1655
149,Dr. Luiz Otávio Sá,M,Oftalmologista,CRM320281,Costa,0500-868-0002
150,Dr. Renan Moreira,M,Ginecologista,CRM207786,Cassiano de Pereira,31 2595-2694
151,Dra. Maitê Montenegro,F,Urologista,CRM687080,Santos de Nunes,(031) 7055 1694
152,Dra. Amanda Peixoto,F,Ortopedista,CRM885884,da Luz de Rezende,0800 930 9728
153,Dr. Diogo Rodrigues,M,Pediatra,CRM270395,Andrade,0500 130 7562
154,Dr. Gustavo Jesus,M,Dermatologista,CRM125990,Sousa de Siqueira,+55 (081) 2838 5786
155,Dr. Erick Marques,M,Ginecologista,CRM448321,Nogueira da Praia,+55 71 9733-4843
156,Dra. Laura Santos,F,Urologista,CRM802448,Sales,(084) 5758-4419
157,Dr. Miguel Ferreira,M,Oftalmologista,CRM266931,da Rocha,+55 (061) 4157 4733
158,Dr. João Gabriel Novais,M,Dermatologista,CRM140605,Carvalho do Campo,0800-933-0833
159,Dra. Beatriz Jesus,F,Pediatra,CRM309267,Silva do Amparo,+55 41 2082 6773
160,Dra. Luna da Paz,F,Oftalmologista,CRM420015,Vargas,+55 31 9380 2620
161,Dr. Thales Cirino,M,Pediatra,CRM124813,Andrade do Sul,(031) 9915 4788
162,Dr. Davi Luiz Montenegro,M,Dermatologista,CRM444207,da Mata de Correia,+55 61 5274 2054
163,Dra. Evelyn Cavalcanti,F,Urologista,CRM172792,Lima do Galho,(061) 1612 2753
164,Dra. Joana Gomes,F,Oftalmologista,CRM772642,Machado,+55 81 5499-0453
165,Dra. Bárbara Martins,F,Ginecologista,CRM984642,Castro das Flores,21 4145-9332
166,Dra. Daniela Marques,F,Cardiologista,CRM220944,Leão da Prata,(071) 8339-1878
167,Dra. Sra. Ana Vitória Nunes,F,Pediatra,CRM708792,Araújo,81 8398-2258
168,Dra. Bruna Rodrigues,F,Cardiologista,CRM213668,Silva,0800 718 7072
169,Dra. Maria Vitória Marques,F,Oftalmologista,CRM863934,Novais,(061) 4064-0391
170,Dra. Mariana Ferreira,F,Dermatologista,CRM735656,Nogueira,+55 (081) 1704 6226
171,Dr. Mateus Machado,M,Dermatologista,CRM704596,Garcia de Minas,71 2512-8682
172,Dr. Sr. Alexandre Sá,M,Oftalmologista,CRM146542,da Rosa,(061) 8686-3375
173,Dra. Kamilly Correia,F,Cardiologista,CRM645175,Andrade,84 9033 1190
174,Dr. Benicio da Cruz,M,Oftalmologista,CRM552248,Guerra,(031) 3830-2843
175,Dr. Lorenzo da Costa,M,Ginecologista,CRM446239,Casa Grande do Galho,+55 21 6440-8926
176,Dra. Sabrina Aragão,F,Ginecologista,CRM989208,Ramos das Flores,51 5662 4628
177,Dr. Isaque Câmara,M,Ginecologista,CRM414910,Santos Grande,(061) 0866-8826
178,Dra. Jade Costela,F,Ginecologista,CRM528231,Ramos de Minas,(041) 5183-0469
179,Dra. Ana Cecília Barbosa,F,Dermatologista,CRM831076,Teixeira,0900 837 3540
180,Dra. Esther Sousa,F,Ortopedista,CRM233470,Souza,(081) 3936-3854
181,Dr. Ravi Lucca Nascimento,M,Dermatologista,CRM797229,das Neves Paulista,21 8771 7535
182,Dra. Maria Sophia Aparecida,F,Ginecologista,CRM884475,Sousa,+55 (011) 0489-9642
183,Dr. Lucas da Conceição,M,Ortopedista,CRM696750,Nunes de Goiás,11 8547-7725
184,Dra. Cecilia Silveira,F,Dermatologista,CRM674553,Cirino de Nogueira,+55 (081) 8010 0623
185,Dr. Dom Albuquerque,M,Oftalmologista,CRM400850,Montenegro,(051) 5099-7700
186,Dr. Yuri Jesus,M,Dermatologista,CRM923927,Almeida,51 4840 8621
187,Dra. Valentina Cassiano,F,Dermatologista,CRM563246,Correia,0900-845-4615
188,Dra. Natália Nunes,F,Ginecologista,CRM324082,Sampaio,+55 21 4101-6668
189,Dra. Ana Laura Porto,F,Urologista,CRM934692,Sampaio,+55 (041) 1765-9180
190,Dr. Heitor Sales,M,Ginecologista,CRM188914,da Mata de Aparecida,+55 11 4890 2503
191,Dra. Cecília Sá,F,Ortopedista,CRM796101,Barbosa da Mata,+55 (031) 9396-8562
192,Dra. Anna Liz Montenegro,F,Cardiologista,CRM958179,Aragão do Campo,(021) 3159-9965
193,Dr. João Gabriel Viana,M,Ginecologista,CRM425498,Mendonça de da Conceição,11 8662 9619
194,Dr. Josué Silva,M,Urologista,CRM308802,Barros,+55 81 2626-5511
195,Dr. Leandro Macedo,M,Cardiologista,CRM148458,Teixeira Paulista,+55 51 2126 7888
196,Dr. Cauã Alves,M,Dermatologista,CRM740967,Fogaça,81 1995-6046
197,Dr. Bryan Silveira,M,Dermatologista,CRM534572,Oliveira,41 2622-4447
198,Dr. Benício Cavalcante,M,Ginecologista,CRM830180,da Mota das Pedras,(031) 7154 3799
199,Dra. Natália Caldeira,F,Dermatologista,CRM519066,da Rosa,+55 (011) 6596 5756
200,Dr. Sr. Kaique Duarte,M,Pediatra,CRM787926,Mendes,(051) 2654 7935
201,Dr. João Lucas Viana,M,Urologista,CRM907451,Fonseca do Campo,0300 398 2807
202,Dr. Sr. Pedro Lucas da Rocha,M,Urologista,CRM545798,Vieira,81 7243 4266
203,Dr. Pietro Peixoto,M,Pediatra,CRM943170,Pacheco de Guerra,61 8680-5891
204,Dra. Isadora Ribeiro,F,Cardiologista,CRM684482,Cavalcante do Norte,0300 656 1014
205,Dr. Thomas Souza,M,Urologista,CRM227253,Machado,31 6798 2507
206,Dra. Laís Leão,F,Pediatra,CRM940346,Camargo,+55 (011) 5457-3875
207,Dra. Aylla Macedo,F,Ginecologista,CRM656932,Dias de Azevedo,(031) 0105 1238
208,Dra. Eduarda Farias,F,Urologista,CRM564071,Martins de Goiás,71 2266 0937
209,Dra. Mariane Gomes,F,Urologista,CRM674485,Santos,+55 11 3419-1825
210,Dra. Fernanda Marques,F,Pediatra,CRM879779,da Luz,(084) 8596-9691
211,Dra. Maria Marques,F,Dermatologista,CRM371782,Rocha,(031) 9912 5134
212,Dr. Fernando Freitas,M,Urologista,CRM768636,Moraes,51 6929 6627
213,Dra. Emanuella Novais,F,Urologista,CRM915451,Mendonça,(011) 2257 9050
214,Dra. Catarina Correia,F,Ginecologista,CRM350867,Novais do Galho,11 6767-7219
215,Dra. Hellena da Rocha,F,Dermatologista,CRM181247,da Mota,+55 21 8427-9788
216,Dra. Bruna da Mata,F,Pediatra,CRM384913,Nogueira do Norte,(031) 8361-3407
217,Dra. Marcela Borges,F,Oftalmologista,CRM666390,Campos de Vasconcelos,+55 41 3959-6292
218,Dr. Gustavo Araújo,M,Pediatra,CRM258157,Nascimento Paulista,0300-825-4494
219,Dr. Calebe Carvalho,M,Dermatologista,CRM827659,Araújo Paulista,+55 81 2325 3672
220,Dr. João Felipe Pires,M,Ginecologista,CRM324345,Garcia dos Dourados,+55 11 1684 5775
221,Dr. Alexandre Vasconcelos,M,Dermatologista,CRM527398,Siqueira,(051) 5186-3637
222,Dra. Luna da Paz,F,Ortopedista,CRM588557,Novaes Verde,+55 81 9750 0170
223,Dra. Eduarda Macedo,F,Cardiologista,CRM316881,Abreu de Lima,+55 (081) 2424-1541
224,Dra. Eloah Aragão,F,Dermatologista,CRM907189,Pires da Mata,+55 31 6110-3712
225,Dr. Henry Gabriel Moreira,M,Urologista,CRM902784,Albuquerque de Albuquerque,(081) 1627 1361
226,Dra. Srta. Bella Dias,F,Dermatologista,CRM106182,da Rosa Grande,41 2218 9092
227,Dra. Marcela Silveira,F,Oftalmologista,CRM890075,Pires,+55 (021) 6973-1121
228,Dra. Maria Isis Ferreira,F,Urologista,CRM976325,Dias Grande,+55 51 4138 9994
229,Dra. Srta. Liz Costela,F,Ortopedista,CRM883826,Souza,61 4037 6137
230,Dr. Sr. Vinícius Albuquerque,M,Dermatologista,CRM330080,Dias Grande,51 9658 2710
231,Dra. Ana Lívia Albuquerque,F,Dermatologista,CRM609232,Cunha do Norte,+55 (081) 6848 6661
232,Dr. Sr. João Lucas Barros,M,Dermatologista,CRM452457,Barros do Galho,+55 (084) 2856-9146
233,Dra. Srta. Ana Laura da Cruz,F,Ginecologista,CRM273061,Lopes,+55 61 7990 4210
234,Dra. Srta. Alexia Castro,F,Pediatra,CRM752483,Ferreira de Moreira,41 4252-4105
235,Dr. João Gabriel Moura,M,Dermatologista,CRM720644,da Luz,0500 177 8507
236,Dr. Enzo Freitas,M,Cardiologista,CRM773971,da Cunha,+55 51 9138 0003
237,Dra. Olivia Fonseca,F,Pediatra,CRM584125,Cassiano da Serra,+55 (051) 8635 3654
238,Dr. Marcelo Campos,M,Cardiologista,CRM372793,Cavalcanti,+55 21 8061-7445
239,Dra. Mirella Albuquerque,F,Oftalmologista,CRM321941,Costa da Mata,0300 493 7597
240,Dra. Ísis Teixeira,F,Oftalmologista,CRM453894,Cassiano,+55 (011) 6038 5050
241,Dra. Sra. Lorena Caldeira,F,Oftalmologista,CRM888539,Moura,+55 41 6702-4103
242,Dra. Maria Sophia Sampaio,F,Oftalmologista,CRM975467,Marques de Minas,0800 182 6199
243,Dr. Pedro Henrique Ribeiro,M,Dermatologista,CRM120324,da Costa,(021) 4565 5743
244,Dr. Guilherme Carvalho,M,Oftalmologista,CRM335113,Cassiano,+55 51 2775 6185
245,Dr. Rael das Neves,M,Urologista,CRM783414,da Luz de Campos,+55 31 2490 3521
246,Dr. Sr. Luiz Henrique Gonçalves,M,Urologista,CRM132537,Rocha,(031) 4206 7883
247,Dr. Ravi Caldeira,M,Pediatra,CRM979995,Campos,+55 (021) 0323 6519
248,Dr. José Pedro Barbosa,M,Ortopedista,CRM259784,Azevedo,+55 (081) 7215-1070
249,Dr. Pedro Silveira,M,Pediatra,CRM596564,Monteiro do Sul,41 6253 2447
250,Dr. Arthur Gabriel Pimenta,M,Ortopedista,CRM328552,Ramos,(021) 7687 0146
251,Dra. Mariah Costa,F,Ginecologista,CRM368690,Pires,71 0657-8759
252,Dra. Luna Gomes,F,Pediatra,CRM735324,Cirino do Sul,(051) 9304 0785
253,Dr. Igor Castro,M,Urologista,CRM959099,da Cruz,+55 41 4803-9652
254,Dr. Isaac Pastor,M,Oftalmologista,CRM213349,Sousa da Praia,0900 059 9293
255,Dr. Vitor Hugo das Neves,M,Oftalmologista,CRM703766,Mendonça,+55 (051) 1039 3087
256,Dra. Luísa Pimenta,F,Dermatologista,CRM849747,Cardoso,(081) 2500 2921
257,Dr. Luiz Otávio Barbosa,M,Cardiologista,CRM720859,Santos das Flores,0900 154 5226
258,Dr. Liam Cavalcanti,M,Cardiologista,CRM831059,Câmara Verde,+55 (051) 6442-2096
259,Dra. Ana Beatriz Cirino,F,Urologista,CRM817497,Pimenta de Goiás,0300 172 5135
260,Dr. Enzo Porto,M,Urologista,CRM693423,Santos,(071) 7043 3154
261,Dr. Alexandre Aragão,M,Oftalmologista,CRM658623,Macedo das Pedras,+55 (041) 6765-8617
262,Dra. Heloisa Castro,F,Ginecologista,CRM488571,Barbosa de Andrade,(021) 0541 1526
263,Dr. Breno Novaes,M,Ortopedista,CRM778998,Fernandes,0300-970-6296
264,Dra. Ana Júlia Brito,F,Cardiologista,CRM990844,Costela do Oeste,81 8844 4310
265,Dra. Rebeca Cassiano,F,Urologista,CRM614013,Fonseca,+55 (011) 6149 7310
266,Dr. Enzo Gabriel Porto,M,Dermatologista,CRM479781,Barros do Amparo,+55 61 4677 4186
267,Dra. Maria Eduarda Garcia,F,Ginecologista,CRM260422,Cirino dos Dourados,+55 (061) 4774 3490
268,Dra. Aylla Barros,F,Pediatra,CRM869440,Nogueira das Pedras,0900 380 6868
269,Dra. Sra. Isabela Melo,F,Ortopedista,CRM947458,Barros das Flores,+55 (051) 8989 9217
270,Dra. Eloah Cunha,F,Dermatologista,CRM556732,Cardoso,+55 (061) 6163 2945
271,Dra. Srta. Aurora Gomes,F,Oftalmologista,CRM993085,Novaes Alegre,+55 84 8709-9861
272,Dr. Dom Casa Grande,M,Urologista,CRM190872,Caldeira,0300 148 5646
273,Dra. Sra. Olívia Andrade,F,Dermatologista,CRM355709,da Mota,71 2996 0653
274,Dra. Olívia da Mata,F,Ortopedista,CRM739979,Almeida Alegre,(031) 4471 3247
275,Dra. Juliana Siqueira,F,Oftalmologista,CRM130094,Pereira de Minas,+55 (071) 7367-8508
276,Dra. Ana Luiza das Neves,F,Urologista,CRM440802,Carvalho do Galho,0300 023 3030
277,Dr. Benicio Fonseca,M,Dermatologista,CRM322423,da Mota,31 7861 0357
278,Dra. Melissa Cavalcanti,F,Urologista,CRM370902,Pastor de Novaes,(084) 5241 4060
279,Dra. Hadassa Câmara,F,Oftalmologista,CRM725113,Rocha,+55 (084) 4680-0722
280,Dra. Alexia Câmara,F,Ortopedista,CRM110644,Pereira da Mata,+55 84 6657-4374
281,Dr. Cauã Abreu,M,Cardiologista,CRM353080,Novais da Mata,(031) 1715 4544
282,Dra. Letícia Correia,F,Dermatologista,CRM682144,Moreira,+55 41 0965-2074
283,Dr. Otto Guerra,M,Ginecologista,CRM599219,Sousa do Norte,0800 935 3875
284,Dra. Letícia Cavalcante,F,Dermatologista,CRM931450,da Rocha,+55 41 7248 2513
285,Dr. Henry Gabriel Souza,M,Cardiologista,CRM408528,Leão Alegre,31 4947 1709
286,Dr. Brayan Melo,M,Dermatologista,CRM825391,Montenegro,+55 71 6846 0223
287,Dr. Nicolas Nunes,M,Oftalmologista,CRM796212,Casa Grande de Dias,+55 (061) 1752-5007
288,Dra. Giovanna Teixeira,F,Dermatologista,CRM680358,Oliveira,+55 (031) 7129-6666
289,Dra. Maria Isis Abreu,F,Dermatologista,CRM882169,Nascimento,+55 (081) 5058-3003
290,Dra. Manuella das Neves,F,Oftalmologista,CRM836996,Caldeira,51 8942 1044
291,Dra. Stephany Peixoto,F,Oftalmologista,CRM421517,Lopes Grande,(081) 7532 6033
292,Dra. Srta. Hadassa Siqueira,F,Pediatra,CRM226516,Pastor,21 2150-6489
293,Dr. Benicio Ribeiro,M,Oftalmologista,CRM225362,Rezende,+55 (031) 0167 6184
294,Dr. Eduardo Costela,M,Pediatra,CRM326895,da Rosa,84 1849 9261
295,Dra. Bárbara da Paz,F,Oftalmologista,CRM859782,Viana,+55 51 7393 4835
296,Dra. Sra. Laís Castro,F,Cardiologista,CRM973074,Novaes,11 3753-0011
297,Dr. Thales Cassiano,M,Oftalmologista,CRM338533,Vasconcelos,31 1143-7447
298,Dra. Beatriz Cavalcanti,F,Pediatra,CRM416950,da Rocha,21 5611 0022
299,Dr. Luiz Henrique Macedo,M,Ginecologista,CRM660081,Siqueira de Minas,31 5216 6746
300,Dr. Otto Rezende,M,Oftalmologista,CRM147726,Camargo,+55 81 0216 9797
301,Dr. Mateus Vasconcelos,M,Ortopedista,CRM406327,Pimenta do Sul,+55 81 7716 7014
302,Dr. Anthony Gabriel Santos,M,Ginecologista,CRM889359,Rios,(081) 8891 6375
303,Dra. Maria Isis Cassiano,F,Cardiologista,CRM112861,Albuquerque,+55 (031) 8772-1753
304,Dra. Lara Aragão,F,Dermatologista,CRM601968,Novaes,41 6317 7971
305,Dra. Melissa Dias,F,Oftalmologista,CRM293319,Monteiro,+55 (031) 1660 8801
306,Dr. Kevin Moraes,M,Oftalmologista,CRM600935,Rezende,(051) 5503-7589
307,Dr. Renan Silva,M,Urologista,CRM168517,Silva dos Dourados,+55 61 1305 5488
308,Dra. Bianca Aparecida,F,Dermatologista,CRM177680,Monteiro,+55 84 6149 3316
309,Dr. Raul Viana,M,Pediatra,CRM256445,Silva,(081) 1609 1779
310,Dra. Catarina Monteiro,F,Cardiologista,CRM360247,Moura,+55 (071) 8697 8292
311,Dr. Sr. Cauã Gomes,M,Ortopedista,CRM901577,Montenegro das Flores,84 9346 5472
312,Dra. Maria Sophia Pereira,F,Ortopedista,CRM725084,Sampaio da Prata,(051) 8333 9452
313,Dr. Sr. Theodoro Nogueira,M,Urologista,CRM647957,Santos do Campo,11 8799 6846
314,Dra. Stephany Caldeira,F,Dermatologista,CRM564226,Garcia,+55 (011) 0034-2442
315,Dra. Laís Costela,F,Urologista,CRM717113,Fogaça,(041) 1983-8638
316,Dra. Sra. Ana Julia Garcia,F,Oftalmologista,CRM696251,Leão Alegre,81 0043-9735
317,Dr. Yago Sousa,M,Ortopedista,CRM876039,Vasconcelos,+55 (071) 4721-2281
318,Dr. Asafe Lima,M,Urologista,CRM317881,Novais Paulista,+55 81 2940 5720
319,Dr. Lorenzo Peixoto,M,Oftalmologista,CRM792509,Vasconcelos,0800-479-8515
320,Dr. Henry Cirino,M,Pediatra,CRM351516,Viana,21 2688-6153
321,Dr. Lucas Farias,M,Ortopedista,CRM178711,da Rocha do Oeste,0900-878-0157
322,Dr. Joaquim Aparecida,M,Cardiologista,CRM528361,Garcia do Campo,51 4840 8588
323,Dra. Raquel Aparecida,F,Ginecologista,CRM722656,Rezende do Oeste,(061) 8112 8801
324,Dra. Hadassa Rodrigues,F,Oftalmologista,CRM134225,Caldeira do Oeste,61 6120-7501
325,Dr. Benjamim Cavalcanti,M,Oftalmologista,CRM841296,Novais de Minas,0500 346 6766
326,Dra. Allana Gomes,F,Ginecologista,CRM576086,Nascimento,+55 (011) 9190 1581
327,Dr. Kevin Pereira,M,Ginecologista,CRM344762,da Paz,(031) 6607-2832
328,Dra. Sra. Ísis da Rocha,F,Urologista,CRM929683,da Rosa,31 0882 1009
329,Dr. Matteo Nascimento,M,Dermatologista,CRM220351,das Neves,+55 (084) 5368-2223
330,Dr. José Correia,M,Ginecologista,CRM256226,Cirino,0300 087 8141
331,Dra. Beatriz Costa,F,Urologista,CRM249145,Farias de Fogaça,+55 81 3149 1357
332,Dr. Lucas Pimenta,M,Cardiologista,CRM273982,Sales Verde,+55 (021) 9955-6205
333,Dra. Hellena Silva,F,Ortopedista,CRM885339,da Mota da Praia,+55 84 5777 5478
334,Dra. Emanuella Ramos,F,Dermatologista,CRM230394,da Mota,+55 84 8341 1080
335,Dra. Maria Luiza Vargas,F,Ginecologista,CRM418862,Andrade,81 4887-2563
336,Dra. Lavínia Carvalho,F,Oftalmologista,CRM624783,Montenegro de Moraes,+55 31 6580 3928
337,Dra. Melissa Castro,F,Dermatologista,CRM184349,Nunes,0300 275 0373
338,Dr. João Freitas,M,Dermatologista,CRM870214,Aparecida,+55 (084) 8567-7005
339,Dra. Stephany Porto,F,Ortopedista,CRM362529,Sousa Paulista,0800 892 6659
340,Dr. Sr. Valentim da Cunha,M,Cardiologista,CRM340044,Câmara do Galho,71 5577 9082
341,Dr. Enzo da Conceição,M,Urologista,CRM804938,Moraes,+55 84 3222-5913
342,Dra. Luísa Silveira,F,Ortopedista,CRM142185,Mendes,(081) 7392-6030
343,Dr. Enrico Carvalho,M,Dermatologista,CRM644173,Oliveira,+55 (011) 0242-8699
344,Dra. Srta. Larissa Barros,F,Oftalmologista,CRM290305,Machado,0500-772-3692
345,Dra. Emilly Pinto,F,Ginecologista,CRM953797,Cavalcante Alegre,(051) 9913-6621
346,Dra. Gabriela Moreira,F,Cardiologista,CRM592841,Cassiano do Campo,+55 (051) 7990-8811
347,Dra. Caroline Pereira,F,Dermatologista,CRM449499,Vasconcelos,(021) 8650-8637
348,Dra. Marcela Pastor,F,Ginecologista,CRM209680,Lima,+55 84 4731 4986
349,Dr. Gabriel Abreu,M,Oftalmologista,CRM531641,Oliveira,41 1806-3565
350,Dra. Daniela Lima,F,Oftalmologista,CRM794769,da Luz da Prata,(011) 9594-6368
351,Dra. Rafaela Cavalcanti,F,Urologista,CRM897441,Novais da Prata,(081) 4495-6213
352,Dr. Enrico Brito,M,Dermatologista,CRM192337,Moraes,71 5890 2601
353,Dra. Olivia Peixoto,F,Oftalmologista,CRM438977,Borges de Minas,+55 71 3519-0669
354,Dr. Benjamin Vasconcelos,M,Urologista,CRM523808,Porto,11 7038-4309
355,Dr. Valentim Sampaio,M,Ginecologista,CRM668950,Pimenta,+55 (041) 0530-2146
356,Dra. Maria Laura Guerra,F,Dermatologista,CRM156837,Moreira,+55 (021) 1184 8955
357,Dr. Henry Gabriel Pereira,M,Ortopedista,CRM479353,Marques,71 9042 6818
358,Dra. Sarah da Rocha,F,Ginecologista,CRM563513,Camargo do Galho,+55 61 8947-6973
359,Dr. Raul Rodrigues,M,Pediatra,CRM380028,Pastor de Alves,(081) 1416-3356
360,Dr. Valentim Nascimento,M,Oftalmologista,CRM559398,Sampaio,+55 71 3416-5182
361,Dra. Luara Fogaça,F,Cardiologista,CRM130271,Oliveira,+55 81 2373-3343
362,Dr. Guilherme da Cruz,M,Ginecologista,CRM266071,Cassiano do Campo,+55 71 1790 8075
363,Dra. Luara Monteiro,F,Ortopedista,CRM114338,Mendonça da Serra,31 4639-2086
364,Dra. Ágatha Andrade,F,Cardiologista,CRM335615,Gonçalves da Serra,(051) 1875-0036
365,Dr. Carlos Eduardo Duarte,M,Dermatologista,CRM223172,Pimenta Paulista,+55 (061) 8434-7955
366,Dr. Theo Lima,M,Dermatologista,CRM851413,Leão,31 5647 2929
367,Dra. Srta. Beatriz Silveira,F,Ortopedista,CRM839677,da Costa da Prata,(021) 6322-7026
368,Dra. Catarina Pires,F,Dermatologista,CRM975271,Viana do Amparo,(031) 4890 6120
369,Dra. Jade Melo,F,Dermatologista,CRM355570,Machado,(071) 4558 8450
370,Dra. Camila Ferreira,F,Ortopedista,CRM251668,Oliveira,0500 824 5587
371,Dra. Sra. Anna Liz Garcia,F,Pediatra,CRM728492,Martins Grande,+55 (041) 5699-6112
372,Dr. Ian Dias,M,Urologista,CRM173201,Rezende da Mata,+55 81 9647-5987
373,Dra. Eloah Cirino,F,Urologista,CRM928381,Cardoso,+55 41 4132-6111
374,Dra. Ana Júlia Alves,F,Oftalmologista,CRM925981,Moura de Minas,+55 51 4921 6433
375,Dra. Sra. Melina Pires,F,Urologista,CRM102689,Cardoso,51 2005 5778
376,Dra. Melina Carvalho,F,Ginecologista,CRM413058,Pastor,0300-796-8845
377,Dra. Ágatha da Conceição,F,Urologista,CRM255813,Macedo,(041) 5642 4008
378,Dra. Manuella da Paz,F,Ortopedista,CRM607868,Nascimento de Albuquerque,(084) 7406-4930
379,Dra. Maria Fernanda Correia,F,Oftalmologista,CRM678727,Novais das Pedras,61 3266 3416
380,Dra. Srta. Stella Teixeira,F,Dermatologista,CRM437408,da Paz da Prata,+55 81 6312-2417
381,Dr. Rael da Mata,M,Ginecologista,CRM350405,Correia de Duarte,+55 (031) 2080 2144
382,Dra. Maysa Siqueira,F,Pediatra,CRM997594,da Conceição,+55 31 2073 5647
383,Dra. Nicole Sampaio,F,Cardiologista,CRM433632,Farias,+55 21 2046 1872
384,Dra. Isis Garcia,F,Ginecologista,CRM950823,Campos,+55 51 6730 3718
385,Dra. Srta. Olívia Gomes,F,Dermatologista,CRM795928,Duarte da Serra,+55 (061) 8814 7435
386,Dr. Henrique Camargo,M,Dermatologista,CRM138817,Porto,(021) 5024-9163
387,Dr. Asafe Pacheco,M,Ortopedista,CRM718849,Sales de Peixoto,+55 (021) 5132-7195
388,Dra. Srta. Ana Liz Fogaça,F,Urologista,CRM205239,Sampaio,61 1273-5857
389,Dra. Srta. Alícia Sales,F,Cardiologista,CRM651499,Fogaça Grande,+55 61 0778-4873
390,Dra. Ester Nogueira,F,Cardiologista,CRM857537,Duarte dos Dourados,+55 84 9821-8274
391,Dr. Vitor Hugo Fonseca,M,Dermatologista,CRM786587,Abreu de Vasconcelos,21 6209-5935
392,Dr. Sr. Vitor Gabriel Gomes,M,Cardiologista,CRM592296,Moura,11 8294-5651
393,Dra. Stephany Ribeiro,F,Oftalmologista,CRM753534,Aparecida,+55 81 2031 7310
394,Dra. Maria Julia Ribeiro,F,Ginecologista,CRM184216,Moura de Pinto,0900 405 3910
395,Dra. Rebeca Barros,F,Urologista,CRM807115,Porto de Araújo,21 8650 9480
396,Dra. Srta. Liz Barbosa,F,Oftalmologista,CRM757246,Moreira,+55 41 1386 3383
397,Dra. Emanuelly Novais,F,Urologista,CRM667296,Souza do Campo,0500 576 1228
398,Dr. Thiago Fernandes,M,Ortopedista,CRM171744,Nascimento,0300-755-8556
399,Dr. Lorenzo Pereira,M,Ginecologista,CRM817644,Nunes,71 3684-5776
400,Dra. Ana Beatriz da Paz,F,Pediatra,CRM883041,Moreira,+55 84 4043 3504
401,Dr. Thomas Novais,M,Dermatologista,CRM203225,Brito,+55 (051) 7522 4593
402,Dr. José Miguel da Rosa,M,Dermatologista,CRM274446,Oliveira,71 9315 7279
403,Dra. Letícia Andrade,F,Cardiologista,CRM148225,Barros do Norte,(071) 5661 3906
404,Dra. Lorena Moura,F,Urologista,CRM158845,Dias,71 9258-3206
405,Dra. Sofia Borges,F,Oftalmologista,CRM493049,Lopes,(021) 6225 1790
406,Dra. Maria Liz da Luz,F,Pediatra,CRM356059,Guerra,21 6227-8376
407,Dra. Fernanda Novais,F,Ortopedista,CRM814919,da Cruz,+55 11 4659 1166
408,Dr. Luiz Fernando Correia,M,Pediatra,CRM283573,Ferreira do Sul,(041) 2597 9270
409,Dr. Guilherme Rodrigues,M,Ortopedista,CRM501126,Cassiano de Minas,+55 61 0392 4051
410,Dr. Rael Melo,M,Dermatologista,CRM711484,Farias,+55 (084) 8338-8487
411,Dr. Diego Sales,M,Pediatra,CRM583550,Garcia,0800 804 2043
412,Dra. Júlia Aragão,F,Dermatologista,CRM367729,Rezende de Albuquerque,+55 (084) 6451 0463
413,Dr. Thomas Santos,M,Urologista,CRM587853,Dias,(084) 9812-3878
414,Dra. Srta. Ana Cecília da Cruz,F,Ginecologista,CRM673149,Farias do Amparo,61 2055 5438
415,Dr. Bento Pires,M,Cardiologista,CRM563187,Gomes do Sul,84 4325-6216
416,Dra. Heloísa Leão,F,Ortopedista,CRM413685,Oliveira,+55 (021) 6495-7823
417,Dra. Srta. Ágatha Rodrigues,F,Ginecologista,CRM362246,Carvalho,(041) 8262 9251
418,Dra. Yasmin Silveira,F,Urologista,CRM416797,Cirino,(051) 2056 6474
419,Dr. Gabriel Caldeira,M,Dermatologista,CRM994787,Cirino,+55 (041) 9949 9939
420,Dra. Isabel Rodrigues,F,Cardiologista,CRM348728,Fogaça,+55 21 7289 7526
421,Dra. Olívia Carvalho,F,Ortopedista,CRM476395,Correia,+55 21 0604-6333
422,Dra. Emanuelly Macedo,F,Ginecologista,CRM409571,Sales de Duarte,(051) 3660-9656
423,Dr. Vitor Gabriel Moura,M,Urologista,CRM790203,Moreira,+55 51 7703 8860
424,Dra. Maria Julia Moreira,F,Oftalmologista,CRM108491,Correia,(021) 7644 7264
425,Dr. Benjamim Sales,M,Ortopedista,CRM881369,Martins,(041) 1812-9826
426,Dra. Luna Machado,F,Urologista,CRM400096,Cavalcanti,(051) 9371-4521
427,Dr. Danilo Santos,M,Ortopedista,CRM940886,Porto de Fonseca,+55 21 8689 2686
428,Dra. Eloá Farias,F,Pediatra,CRM767542,Castro,+55 (011) 2064-4742
429,Dr. Davi Lucca Costa,M,Ortopedista,CRM362801,Pinto,+55 61 0777-8097
430,Dr. Henrique Pastor,M,Ginecologista,CRM201883,Marques de Jesus,(031) 1990-3849
431,Dr. Sr. Benicio Cirino,M,Oftalmologista,CRM926918,Araújo,(084) 0209 9451
432,Dra. Bianca Leão,F,Cardiologista,CRM707727,Castro,(011) 9998 2795
433,Dra. Ayla Vargas,F,Ginecologista,CRM237795,Duarte da Praia,41 1681 4721
434,Dr. Lucas Moura,M,Oftalmologista,CRM442589,Moura do Oeste,+55 (084) 9019-8179
435,Dra. Sra. Mariane Pereira,F,Pediatra,CRM310548,da Luz do Galho,0500 952 9978
436,Dr. Thales Cirino,M,Urologista,CRM665610,Santos,(021) 3010 7139
437,Dra. Maria Sophia Aparecida,F,Ortopedista,CRM626169,Ferreira da Prata,+55 11 0344-1448
438,Dra. Luna Vargas,F,Urologista,CRM272537,Camargo,(071) 5699 0235
439,Dra. Pietra Melo,F,Urologista,CRM605254,Ramos,+55 84 7278 5760
440,Dra. Letícia Nunes,F,Ginecologista,CRM455168,Novais da Prata,+55 (031) 3955 1240
441,Dr. Marcos Vinicius Pires,M,Dermatologista,CRM178957,Oliveira,0500-629-1450
442,Dr. Noah Borges,M,Urologista,CRM336574,da Costa de Freitas,(041) 4384-2150
443,Dra. Ayla Macedo,F,Urologista,CRM943671,Mendes,21 2357-8452
444,Dra. Stella Rocha,F,Cardiologista,CRM929090,Costela,+55 (051) 7681 0409
445,Dra. Lívia Martins,F,Cardiologista,CRM377304,Caldeira,41 4094-3533
446,Dr. João Guilherme Nascimento,M,Dermatologista,CRM486490,Vargas dos Dourados,+55 71 4224 1098
447,Dra. Bella Costela,F,Ortopedista,CRM499534,Novaes Alegre,+55 81 2493-2149
448,Dra. Ágatha Macedo,F,Cardiologista,CRM807617,Cardoso,+55 (041) 7016 0166
449,Dr. Pietro Pimenta,M,Dermatologista,CRM126240,das Neves Alegre,+55 (081) 8179-2171
450,Dra. Luana Rodrigues,F,Ortopedista,CRM332120,Melo de da Conceição,+55 21 2945-6255
451,Dr. Ryan Alves,M,Ginecologista,CRM963874,Melo,+55 61 5772 4599
452,Dra. Sophia Caldeira,F,Ginecologista,CRM416869,Silva do Campo,(061) 8148 7696
453,Dra. Isabelly Novaes,F,Cardiologista,CRM246566,Mendes,51 1539 6695
454,Dr. Isaac Cavalcanti,M,Cardiologista,CRM419149,Sousa,0500 719 9758
455,Dra. Melina Cavalcanti,F,Cardiologista,CRM201913,Guerra de Minas,0300-196-5701
456,Dr. Davi Miguel Pacheco,M,Ortopedista,CRM242254,Sá,+55 (011) 2784-6997
457,Dra. Gabrielly Rodrigues,F,Dermatologista,CRM489033,da Rosa Verde,(031) 6519 0986
458,Dra. Laís Araújo,F,Ortopedista,CRM878325,Novaes do Norte,+55 (011) 8514 0369
459,Dr. Liam Silva,M,Dermatologista,CRM786735,Guerra das Flores,(021) 8327-2386
460,Dr. Oliver Cassiano,M,Urologista,CRM613117,Rios Grande,+55 84 0102 7621
461,Dra. Maria Vitória Marques,F,Oftalmologista,CRM134305,Pinto da Serra,(051) 8687-6532
462,Dra. Alana Oliveira,F,Pediatra,CRM564920,Siqueira de da Costa,21 4689-5009
463,Dra. Maria Eduarda Camargo,F,Pediatra,CRM997004,Sales de Barros,+55 (011) 8478-1891
464,Dra. Olivia Pires,F,Cardiologista,CRM818987,Rodrigues,71 9490-5807
465,Dra. Sophie Melo,F,Ortopedista,CRM776149,Leão da Praia,(021) 4209 4940
466,Dra. Sra. Eloá Oliveira,F,Cardiologista,CRM517479,Ribeiro,(021) 9047 1281
467,Dra. Isis Cardoso,F,Pediatra,CRM228093,da Mota Paulista,+55 (021) 1929 2752
468,Dra. Isabela Mendonça,F,Cardiologista,CRM794963,Moura,+55 (051) 5129 2766
469,Dr. Pedro Lucas Silveira,M,Ginecologista,CRM770556,Costela,0500 504 1027
470,Dr. Renan da Rosa,M,Cardiologista,CRM925013,Souza de Sá,61 3667-4286
471,Dra. Laura Machado,F,Pediatra,CRM232040,Rocha Alegre,51 0185 6945
472,Dr. João Felipe Brito,M,Cardiologista,CRM970127,Rezende Verde,61 7393 8525
473,Dr. Anthony Rocha,M,Ortopedista,CRM326441,Azevedo,+55 (021) 6181 7534
474,Dr. Gael Andrade,M,Oftalmologista,CRM911984,Pinto,+55 31 0939 1119
475,Dr. Marcos Vinicius Ribeiro,M,Urologista,CRM724932,Camargo,+55 (061) 4471-7465
476,Dr. Enrico Vasconcelos,M,Oftalmologista,CRM251716,da Mota,+55 (081) 6650 4427
477,Dr. Samuel Costa,M,Ortopedista,CRM362829,Cavalcanti do Amparo,+55 51 2863 9174
478,Dr. Arthur Gabriel Barbosa,M,Cardiologista,CRM793169,Oliveira,+55 61 7072-0064
479,Dr. Lucas Gonçalves,M,Pediatra,CRM115582,Moraes,(084) 7661-8306
480,Dra. Sra. Camila Nunes,F,Urologista,CRM926730,Farias da Mata,71 0158 5174
481,Dr. Sr. Felipe Novaes,M,Ortopedista,CRM439498,Gomes,+55 (071) 4615-7173
482,Dr. Arthur Miguel Correia,M,Pediatra,CRM378258,Silveira,0900 376 1847
483,Dr. Rael Almeida,M,Pediatra,CRM877747,Fernandes,+55 (081) 5061 3878
484,Dra. Isabel Barbosa,F,Ortopedista,CRM219169,Sousa,+55 (011) 7079-0320
485,Dr. Benicio das Neves,M,Dermatologista,CRM570050,Marques,0800-291-1179
486,Dra. Hellena Azevedo,F,Ortopedista,CRM722503,Lima,(081) 6519 8253
487,Dr. Erick Farias,M,Dermatologista,CRM628313,Campos,+55 84 2625-8273
488,Dr. Asafe Carvalho,M,Ortopedista,CRM145471,Vieira,0800-620-7100
489,Dra. Aurora Santos,F,Dermatologista,CRM774591,Leão do Amparo,+55 81 3248 7632
490,Dr. Arthur Miguel Peixoto,M,Cardiologista,CRM602248,Silva,11 9145-6083
491,Dra. Bárbara Moura,F,Dermatologista,CRM819425,Pinto,21 8837 3403
492,Dr. Dom Rodrigues,M,Dermatologista,CRM847006,Monteiro de Cavalcanti,+55 (031) 0054-3645
493,Dra. Mirella Aparecida,F,Cardiologista,CRM184714,Sousa,+55 (071) 8220 7811
494,Dra. Melina Pastor,F,Ortopedista,CRM255539,Leão do Oeste,(061) 3153 1363
495,Dr. Henry Barbosa,M,Pediatra,CRM388375,Pacheco de Mendonça,+55 (071) 6239 7265
496,Dra. Natália Silveira,F,Dermatologista,CRM726410,Pires,11 4352 0904
497,Dra. Brenda Martins,F,Dermatologista,CRM630108,Leão de Cavalcante,(081) 3492 9298
498,Dra. Aurora Jesus,F,Cardiologista,CRM931621,Cunha de Pastor,(071) 7406-3356
499,Dr. Henry Pastor,M,Urologista,CRM786516,Oliveira,+55 (011) 6007 8068
500,Dr. Rhavi Sampaio,M,Dermatologista,CRM573489,Machado,11 3180-6325
